Year,Actual Retreat Area (Yearly) (%),Predicted Retreat Area (Yearly) (%)
2020,5.027771,5.168388
2021,4.532993,5.9801536
2022,5.3112745,5.8813596
2023,8.271158,7.9299145
2024,5.6838274,5.5923004
